{"avg_sent_rate": 6487705.5, "avg_recv_rate": 6487705.5, "timestamps": [1725500010.2761576, 1725500020.6932704]}